level,executable,ann_return,ann_vol,sharpe,calmar,max_dd,turnover_rate,sharpe_delta_vs_prev,max_dd_delta_vs_prev
S0-恒定满仓(基线),True,0.06877178445017385,0.22614504659307771,0.30410475704082457,0.141720711060099,-0.4852627674229636,0.0,,
S0-均线择时(次要参照),True,0.045926929818030614,0.15664505317782665,0.2931910640414123,0.1259309373811848,-0.3646993405521375,0.029057406094968107,-0.01091369299941225,0.12056342687082611
S1-离线HMM(前视上界),False,0.056832339031522246,0.0797845592165936,0.7123225294412888,0.3749998300291636,-0.15155297277628743,0.04583038034490905,,
S2-因果BOCPD+MAP硬切,True,0.05376067638182624,0.112646303371014,0.4772520249045284,0.20130737369116586,-0.2670576611083445,0.06520198440822111,,
S3-全后验+无交易带,True,0.028540627852366267,0.09123831764939203,0.31281405211833657,0.10691540802777508,-0.2669458815978313,0.09047956532010394,,
S4-HSMM久期升级,True,0.028647298407778892,0.08822269268565376,0.3247157566347705,0.11359762186385373,-0.25218220186081497,0.09071580439404678,,
