level,executable,ann_return,ann_vol,sharpe,calmar,max_dd,turnover_rate,sharpe_delta_vs_prev,max_dd_delta_vs_prev
S0-恒定满仓(基线),True,0.06877178445017383,0.22614504659307771,0.30410475704082446,0.14172071106009895,-0.4852627674229637,0.0,,
"S1-离线HMM(前视上界,不可执行)",False,0.040542378191886684,0.11691576493797255,0.34676570959780895,0.10820973567821843,-0.3746647927543868,0.025986298133711314,,
S2-因果BOCPD+MAP硬切,True,0.0038590114280825957,0.09265730424454066,0.041648216074772836,0.014000079836128353,-0.27564210156317115,0.1034727143869596,,
S3-全后验+无交易带,True,0.01677880117873824,0.09484853418911336,0.17690100666483569,0.06857062920097538,-0.24469370303662852,0.1653673517599811,,
S4-HSMM久期升级(终版核心),True,0.01704747390063117,0.095770595616558,0.1780032147746588,0.07147830850446506,-0.23849856351268106,0.10748877864398772,,
S5-多时间窗稳健性检验,True,,,0.03935755615200769,,-0.14833842924264676,0.08906505418032516,-0.1386456586226511,
