level,executable,ann_return,ann_vol,sharpe,calmar,max_dd,turnover_rate,sharpe_delta_vs_prev,max_dd_delta_vs_prev
S0-恒定满仓(基线),True,0.05519972435629095,0.1988574621260958,0.2775843750901775,0.15027724707407045,-0.3673192411428954,0.0,,
"S1-离线HMM(前视上界,不可执行)",False,0.07159124270284828,0.11891180830184925,0.602053267250961,0.4320962872861523,-0.16568354047309264,0.5610738255033557,,
S2-因果BOCPD+MAP硬切,True,0.033914163306211276,0.10020176808115014,0.3384587313743337,0.09518931992181846,-0.35628118085165317,0.21040268456375838,,
S3-全后验+无交易带,True,0.023477776008131897,0.08287181210757427,0.28330231246368615,0.1272112767468924,-0.1845573490693342,0.5664429530201343,,
S4-HSMM久期升级(终版核心),True,0.024402696577234123,0.08396002228958602,0.2906466186141176,0.13816994318957598,-0.17661363979684364,0.5161073825503356,,
S5-多指数/多窗口稳健性检验,True,,,0.22337926761551444,,-0.1417598129626398,0.33161910825455354,-0.06726735099860318,
