level,executable,ann_return,ann_vol,sharpe,calmar,max_dd,turnover_rate,sharpe_delta_vs_prev,max_dd_delta_vs_prev
S0-恒定满仓(基线),True,0.06877178445017383,0.22614504659307771,0.30410475704082446,0.14172071106009895,-0.4852627674229637,0.0,,
"S1-离线HMM(前视上界,不可执行)",False,0.040542378191886684,0.11691576493797255,0.34676570959780895,0.10820973567821843,-0.3746647927543868,0.025986298133711314,,
S2-因果BOCPD+MAP硬切,True,0.021127997683873002,0.08942109280017052,0.23627532411270993,0.06941725926380996,-0.3043623143284755,0.09709425939050319,,
S3-全后验+无交易带,True,0.020723003940454787,0.09179736337594047,0.22574726744151957,0.08049840657419034,-0.2574337160494685,0.13654618473895583,,
S4-HSMM久期升级(终版核心),True,0.021528787520989422,0.09189030344036021,0.23428791412101826,0.09047700137684128,-0.23794762418485704,0.08906213087644696,,
S5-多时间窗稳健性检验,True,,,0.025963762816971835,,-0.14852626331833807,0.0776764854296848,-0.20832415130404644,
