mode,bounds,ann_return,ann_vol,sharpe,calmar,max_dd,n_rebalances,turnover_rate
long_only,"(0.0, 1.0)",0.021528787520989422,0.09189030344036021,0.23428791412101826,0.09047700137684128,-0.23794762418485704,377,0.08906213087644696
leverage,"(-1.0, 2.0)",0.02396391127906805,0.11764897892759522,0.20368992147238416,0.07733732093380115,-0.3098621854199032,596,0.14079848806992676
