mode,bounds,ann_return,ann_vol,sharpe,calmar,max_dd,n_rebalances,turnover_rate
long_only,"(0.0, 1.0)",0.028647298407778892,0.08822269268565376,0.3247157566347705,0.11359762186385373,-0.25218220186081497,384,0.09071580439404678
leverage,"(-1.0, 2.0)",0.03476752872619816,0.0874784857452647,0.3974409070984652,0.13533534505642789,-0.25689910283009876,616,0.14552326954878336
