mode,executable,ann_return,ann_vol,sharpe,calmar,max_dd,n_rebalances,turnover_rate
smoothed_viterbi,False,0.07159124270284828,0.11891180830184925,0.602053267250961,0.4320962872861523,-0.16568354047309264,1672,0.5610738255033557
filtered_forward,True,0.0682413326370452,0.13244497461087304,0.5152428987021976,0.23957421935309317,-0.2848442241461242,555,0.18624161073825504
