window,n_obs,sharpe,calmar,max_dd,ann_return,turnover_rate,p_value,bh_fdr_significant
0,1327,-0.36850198025136804,-0.14369317727258693,-0.23849856351268106,-0.03427061636608501,0.16201959306706856,0.8010412123208005,False
1,1243,0.21973624923888033,0.10526413987140368,-0.12053854576919787,0.012688386341744438,0.030571198712791632,0.31281115380484054,False
2,1327,0.2668383994685108,0.1582555601126959,-0.08597817844606137,0.013606524787450761,0.0746043707611153,0.27021315701563764,False
